<?xml version="1.0" encoding="UTF-8"?>
<project-private xmlns="http://www.netbeans.org/ns/project-private/1">
    <editor-bookmarks xmlns="http://www.netbeans.org/ns/editor-bookmarks/2" lastBookmarkId="0"/>
    <open-files xmlns="http://www.netbeans.org/ns/projectui-open-files/2">
        <group>
            <file>file:/D:/Documentos/ORT/Java/OblAlgoritmo%20Garcia(317133)%20-%20Gatto(248529)/SistemaAerolineas%20Mar2024/SistemaAerolineas%20Mar2024/src/dominio/Vuelo.java</file>
            <file>file:/D:/Documentos/ORT/Java/OblAlgoritmo%20Garcia(317133)%20-%20Gatto(248529)/SistemaAerolineas%20Mar2024/SistemaAerolineas%20Mar2024/src/dominio/Pasaje.java</file>
            <file>file:/D:/Documentos/ORT/Java/OblAlgoritmo%20Garcia(317133)%20-%20Gatto(248529)/SistemaAerolineas%20Mar2024/SistemaAerolineas%20Mar2024/src/tads/IListaSimple.java</file>
            <file>file:/D:/Documentos/ORT/Java/OblAlgoritmo%20Garcia(317133)%20-%20Gatto(248529)/SistemaAerolineas%20Mar2024/SistemaAerolineas%20Mar2024/src/tads/Lista.java</file>
            <file>file:/D:/Documentos/ORT/Java/OblAlgoritmo%20Garcia(317133)%20-%20Gatto(248529)/SistemaAerolineas%20Mar2024/SistemaAerolineas%20Mar2024/src/sistemaAutogestion/Sistema.java</file>
            <file>file:/D:/Documentos/ORT/Java/OblAlgoritmo%20Garcia(317133)%20-%20Gatto(248529)/SistemaAerolineas%20Mar2024/SistemaAerolineas%20Mar2024/test/sistemaAutogestion/IObligatorioTest.java</file>
            <file>file:/D:/Documentos/ORT/Java/OblAlgoritmo%20Garcia(317133)%20-%20Gatto(248529)/SistemaAerolineas%20Mar2024/SistemaAerolineas%20Mar2024/src/dominio/Cliente.java</file>
            <file>file:/D:/Documentos/ORT/Java/OblAlgoritmo%20Garcia(317133)%20-%20Gatto(248529)/SistemaAerolineas%20Mar2024/SistemaAerolineas%20Mar2024/src/dominio/Aerolinea.java</file>
            <file>file:/D:/Documentos/ORT/Java/OblAlgoritmo%20Garcia(317133)%20-%20Gatto(248529)/SistemaAerolineas%20Mar2024/SistemaAerolineas%20Mar2024/src/tads/Nodo.java</file>
            <file>file:/D:/Documentos/ORT/Java/OblAlgoritmo%20Garcia(317133)%20-%20Gatto(248529)/SistemaAerolineas%20Mar2024/SistemaAerolineas%20Mar2024/src/dominio/Avion.java</file>
        </group>
    </open-files>
</project-private>
